"term","estimate","std.error","statistic","p.value","Response","BHand","Pitch"
"(Intercept)",-14.7053995212854,0.824686444525277,-17.8315038629626,0.00000000000000000000000000000000000000000000000000000000000000000000004024488401881,"whiff","R","FF"
"pitch_speed",0.0976659509919938,0.00890924459743311,10.9623155952114,0.000000000000000000000000000579961264407077,"whiff","R","FF"
"pfx_z",0.102129727317275,0.0148149203037155,6.89370750726626,0.0000000000054356731964886,"whiff","R","FF"
"pfx_total",-0.0997386809180403,0.0149487463857826,-6.67204314957806,0.0000000000252266367068248,"whiff","R","FF"
"zone1",-0.180534567459131,0.145257357047081,-1.24286005975323,0.213919405866144,"whiff","R","FF"
"zone2",-0.224648427401909,0.117870962160053,-1.90588439497818,0.0566652061043957,"whiff","R","FF"
"zone3",-0.0842350847269882,0.138941942908057,-0.606261025029205,0.54434143525137,"whiff","R","FF"
"zone4",-0.533464377628949,0.138137636396432,-3.8618322388114,0.00011253983665045,"whiff","R","FF"
"zone6",0.0662589794598794,0.114455113025152,0.578907990290645,0.562651258452466,"whiff","R","FF"
"zone7",-0.511105026358124,0.270307703161277,-1.89082671481684,0.0586474797852197,"whiff","R","FF"
"zone8",0.0453377387445881,0.169522297458148,0.267444102778168,0.789127246542632,"whiff","R","FF"
"zone9",-0.0083035769977926,0.18959510905616,-0.0437963671063528,0.96506672293664,"whiff","R","FF"
"zone11",0.1892501630634,0.165121682925643,1.14612544948819,0.251743248781345,"whiff","R","FF"
"zone12",-0.0973967538934402,0.162995024165232,-0.597544338498988,0.550144013764156,"whiff","R","FF"
"zone13",0.174760288695474,0.276390593726907,0.632294631807007,0.527194370709114,"whiff","R","FF"
"zone14",0.271348627115149,0.200238210092098,1.35512910842713,0.175376426063872,"whiff","R","FF"
"dist_z",1.12300814247884,0.0951005375847591,11.808641370486,0.000000000000000000000000000000035220648945707,"whiff","R","FF"
"dist_prop",0.835378947358394,0.258420397888435,3.23263548150344,0.00122653960206028,"whiff","R","FF"
"I(dist_x^2)",-0.837051103814699,0.0968144628019133,-8.64593036607912,0.00000000000000000533686544396849,"whiff","R","FF"
"I(dist_z^2)",-0.9047779941308,0.0982870364052538,-9.20546622649451,0.0000000000000000000340191165133767,"whiff","R","FF"
"release_spin_rate",0.000683748235861041,0.000135054917682508,5.06274223548396,0.00000041326845340125,"whiff","R","FF"
"pred",17.7277512836683,0.754132616527332,23.5074718890982,0.0000000000000000000000000000000000000000000000000000000000000000000000000000000000000000000000000000000000000000000000000342072614770228,"whiff","R","FF"
"(Intercept)",4.1912237627553,1.68061670325106,2.49386058977494,0.0126362163287776,"Barrel","R","FF"
"pitch_speed",-0.084656342586603,0.0181945051133136,-4.65285216934297,0.00000327374955683577,"Barrel","R","FF"
"zone1",-0.0634850999595507,0.240535549657632,-0.263932296285987,0.791832088907933,"Barrel","R","FF"
"zone2",-0.124511072788055,0.181693414428427,-0.685281154409162,0.493166521542549,"Barrel","R","FF"
"zone3",-0.270437484684789,0.231767159117974,-1.16684989242644,0.243270994335019,"Barrel","R","FF"
"zone4",0.441829272119709,0.160020664462087,2.7610763497635,0.00576112065682008,"Barrel","R","FF"
"zone6",0.00678497978996717,0.153649756449108,0.0441587409363352,0.964777869913657,"Barrel","R","FF"
"zone7",0.719837597897357,0.297232588738972,2.4217990394368,0.0154438884743918,"Barrel","R","FF"
"zone8",-0.204322131750439,0.266164701794388,-0.767652999713979,0.442693366112704,"Barrel","R","FF"
"zone9",-0.573487765048859,0.336672775782224,-1.70339809542491,0.0884935938952856,"Barrel","R","FF"
"zone11",0.00616977337332155,0.378340835265117,0.016307447672145,0.986989115949096,"Barrel","R","FF"
"zone12",0.240412995250995,0.337710297539818,0.711891218604753,0.476532140354016,"Barrel","R","FF"
"zone13",0.403238119410118,0.54919228314765,0.734238502221831,0.462803391410794,"Barrel","R","FF"
"zone14",-13.5699924633543,160.801612709475,-0.0843896540258683,0.932746632835261,"Barrel","R","FF"
"dist_z",0.337862811621094,0.205238986959865,1.64619216176099,0.0997242025151351,"Barrel","R","FF"
"I(dist_x^2)",-1.02401852999833,0.135209807330712,-7.57355217209694,0.0000000000000363154767894009,"Barrel","R","FF"
"I(dist_z^2)",-1.03899219657125,0.164294542878255,-6.32396048200558,0.000000000254942950232088,"Barrel","R","FF"
"release_spin_rate",-0.000495628098165727,0.000270665537612181,-1.83114593212779,0.0670787642964392,"Barrel","R","FF"
"pred",96.2176810868326,6.16542213890414,15.60601673642,0.0000000000000000000000000000000000000000000000000000006624589397679,"Barrel","R","FF"
"(Intercept)",-5.16747753150521,0.275443619848588,-18.7605635387226,0.00000000000000000000000000000000000000000000000000000000000000000000000000000158707934228116,"STRIKE","R","FF"
"pfx_z",0.0259886697867627,0.00481496075225768,5.39748320369527,0.0000000675821982488336,"STRIKE","R","FF"
"zone1",-0.721201688179028,0.106881257313716,-6.74769090769741,0.0000000000150216522362508,"STRIKE","R","FF"
"zone2",-0.692000313573638,0.0815558819233988,-8.4849835138022,0.0000000000000000215749318053062,"STRIKE","R","FF"
"zone3",-0.517692069589429,0.0968715131294524,-5.34411049095125,0.0000000908621337753556,"STRIKE","R","FF"
"zone4",-0.65500120249031,0.0920608383139125,-7.11487332167086,0.00000000000112015671934618,"STRIKE","R","FF"
"zone6",-0.109661727208249,0.079497436611992,-1.37943727347438,0.167759973681594,"STRIKE","R","FF"
"zone7",0.343977491432566,0.121371011047082,2.83409925043083,0.00459550568314815,"STRIKE","R","FF"
"zone8",0.219878450629892,0.0898668434441645,2.44671385132722,0.0144165244741877,"STRIKE","R","FF"
"zone9",0.558144258375109,0.104833205716327,5.32411705395539,0.000000101444569301421,"STRIKE","R","FF"
"zone11",-0.416732922770986,0.122458840609497,-3.40304481650194,0.000666393487542442,"STRIKE","R","FF"
"zone12",-0.863414479533241,0.112037450147511,-7.70648098824501,0.0000000000000129334495843478,"STRIKE","R","FF"
"zone13",-0.602688669140122,0.15915058660531,-3.78690824831689,0.000152533391419005,"STRIKE","R","FF"
"zone14",-0.823620147611078,0.120902381413627,-6.8122739848551,0.00000000000960679164564877,"STRIKE","R","FF"
"dist_x",-0.251604641079701,0.0416585546765881,-6.03968723910388,0.00000000154413236484496,"STRIKE","R","FF"
"dist_z",0.23800343572407,0.0448778575984787,5.30336001895371,0.00000011369038986267,"STRIKE","R","FF"
"dist_prop",3.31973962486125,0.184671851546019,17.9764246530771,0.00000000000000000000000000000000000000000000000000000000000000000000000298106790335681,"STRIKE","R","FF"
"I(dist_x^2)",-1.85264115522001,0.0763662219712214,-24.2599556112411,0.000000000000000000000000000000000000000000000000000000000000000000000000000000000000000000000000000000000000000000000000000000000519153070159658,"STRIKE","R","FF"
"I(dist_z^2)",-1.87265063307837,0.0781119703286846,-23.9739264698933,0.000000000000000000000000000000000000000000000000000000000000000000000000000000000000000000000000000000000000000000000000000000520302942334858,"STRIKE","R","FF"
"release_spin_rate",0.00018289037879784,0.0000864537308247954,2.11547121278642,0.0343898059393185,"STRIKE","R","FF"
"pred",9.27638591489884,0.575005070374744,16.1327028105217,0.000000000000000000000000000000000000000000000000000000000150296464513262,"STRIKE","R","FF"
"(Intercept)",-16.1396976866674,0.828836654979148,-19.4727122524202,0.0000000000000000000000000000000000000000000000000000000000000000000000000000000000018709775588431,"whiff","L","FF"
"pitch_speed",0.0962788136300697,0.00893581905969088,10.7744811065367,0.00000000000000000000000000454336600069584,"whiff","L","FF"
"pfx_x",-0.0252116109242978,0.00553651143448751,-4.55369978417313,0.00000527105651057129,"whiff","L","FF"
"pfx_z",0.0574998806480975,0.00743400232296069,7.73471383920653,0.0000000000000103635946952247,"whiff","L","FF"
"zone1",0.0404147528246237,0.151447631828412,0.266856287792027,0.789579813746765,"whiff","L","FF"
"zone2",-0.174563534886061,0.125990771723362,-1.38552635640133,0.165891579090909,"whiff","L","FF"
"zone3",0.0326384112374756,0.160135490707186,0.20381747414854,0.838496137070274,"whiff","L","FF"
"zone4",0.0902496533965285,0.129053308674063,0.699320725084724,0.484351617812689,"whiff","L","FF"
"zone6",-0.316853602315789,0.152467258550781,-2.07817471978915,0.0376932696185064,"whiff","L","FF"
"zone7",-0.183366825540763,0.22533346811507,-0.813757614768188,0.415783820877841,"whiff","L","FF"
"zone8",0.0635466493791377,0.181206813291489,0.350685761891949,0.725824108386091,"whiff","L","FF"
"zone9",0.0122380560540558,0.246426696741779,0.0496620545414346,0.960391695215921,"whiff","L","FF"
"zone11",-0.00394515607320176,0.17295631977684,-0.0228101296228554,0.981801727857301,"whiff","L","FF"
"zone12",0.284368397128464,0.179168507595811,1.58715614113377,0.112477285356547,"whiff","L","FF"
"zone13",0.209641111803685,0.237238931245994,0.883670781615126,0.376873957395757,"whiff","L","FF"
"zone14",1.00402847205953,0.267582559018932,3.75221941123783,0.000175275957048545,"whiff","L","FF"
"dist_x",0.341316442215901,0.0618792659952597,5.51584503672114,0.0000000347108014487607,"whiff","L","FF"
"dist_z",1.14866294023018,0.101676024597326,11.2972841412644,0.0000000000000000000000000000135338941952075,"whiff","L","FF"
"dist_prop",1.28423558351599,0.271305264729324,4.73354464682891,0.00000220632403553903,"whiff","L","FF"
"I(dist_x^2)",-1.19515267582784,0.102551627915463,-11.6541560589662,0.000000000000000000000000000000218534797191093,"whiff","L","FF"
"I(dist_z^2)",-1.09132358218386,0.101849362734878,-10.7150752138201,0.00000000000000000000000000864869322811841,"whiff","L","FF"
"release_spin_rate",0.00072286856963166,0.000136678355712345,5.28882986530083,0.000000123101325413557,"whiff","L","FF"
"pred",15.9011269975701,0.59375889088868,26.7804444557805,0.000000000000000000000000000000000000000000000000000000000000000000000000000000000000000000000000000000000000000000000000000000000000000000000000000000000000054602210815246,"whiff","L","FF"
"(Intercept)",0.861451972488915,1.84753950420406,0.466269852703386,0.641022355008384,"Barrel","L","FF"
"pitch_speed",-0.0701691619122818,0.0203311184908067,-3.45131832978155,0.000557855176302336,"Barrel","L","FF"
"pfx_x",-0.0662509149718777,0.0140061658576586,-4.73012497818248,0.0000022438166115661,"Barrel","L","FF"
"pfx_total",-0.0297127086676964,0.0177912562422224,-1.67007367344763,0.0949047881415948,"Barrel","L","FF"
"zone1",0.58726364143713,0.250152511262018,2.34762241032236,0.018893663748461,"Barrel","L","FF"
"zone2",0.0557946529339893,0.167915326227654,0.33227850123904,0.739678972080848,"Barrel","L","FF"
"zone3",-0.200884475493035,0.263240789308917,-0.763120624354663,0.445391461119006,"Barrel","L","FF"
"zone4",-0.0587395515186178,0.23691395650953,-0.247936222855047,0.804183752937776,"Barrel","L","FF"
"zone6",-0.170103513693559,0.211351155151751,-0.804838343899393,0.42091297160932,"Barrel","L","FF"
"zone7",0.028045542784976,0.32610509932928,0.0860015462581204,0.931465188045798,"Barrel","L","FF"
"zone8",0.225010021569557,0.183559071184095,1.22581804384862,0.220267155454564,"Barrel","L","FF"
"zone9",0.0498783874754624,0.27264918029493,0.182939803528872,0.8548452511727,"Barrel","L","FF"
"zone11",-0.0344102678771322,0.45345842115203,-0.0758840640553362,0.93951133534121,"Barrel","L","FF"
"zone12",-0.244759910029486,0.428298217404968,-0.571470765188963,0.567680572004855,"Barrel","L","FF"
"zone13",-13.3979540897823,230.575550732073,-0.0581065687460968,0.953663742133153,"Barrel","L","FF"
"zone14",-0.0524999977880626,0.486254043654013,-0.107968249258238,0.914020878365834,"Barrel","L","FF"
"dist_x",-0.506930235528728,0.188986967243162,-2.6823555238943,0.00731057215250296,"Barrel","L","FF"
"I(dist_x^2)",-1.07679367971839,0.156334870485546,-6.887738329741,0.00000000000566863552282507,"Barrel","L","FF"
"I(dist_z^2)",-1.11222207247649,0.165074501339578,-6.73769760593441,0.000000000016091601916094,"Barrel","L","FF"
"release_spin_rate",0.000508868310359437,0.000306551875978263,1.65997454341307,0.0969195738129151,"Barrel","L","FF"
"pred",83.5750618796236,5.15171553089061,16.2227633452376,0.0000000000000000000000000000000000000000000000000000000000348171219265053,"Barrel","L","FF"
"(Intercept)",-3.92530679227301,0.529470008610516,-7.41365276302271,0.000000000000122867364325995,"STRIKE","L","FF"
"pitch_speed",-0.0198533932870481,0.00553210951382206,-3.58875637538341,0.000332259150286774,"STRIKE","L","FF"
"pfx_total",0.0460515247947723,0.00471969945045339,9.7573002853706,0.00000000000000000000017166407987803,"STRIKE","L","FF"
"zone1",-0.646352945234608,0.0994463568376082,-6.49951356478624,0.0000000000805801359529552,"STRIKE","L","FF"
"zone2",-0.866380328421672,0.0829397965286584,-10.4458940663341,0.000000000000000000000000153006789874174,"STRIKE","L","FF"
"zone3",-0.687803873926313,0.103611894691422,-6.63827136811598,0.0000000000317383156535836,"STRIKE","L","FF"
"zone4",-0.245991972872412,0.0825760216454356,-2.97897583306509,0.00289213587846333,"STRIKE","L","FF"
"zone6",-0.43676843830029,0.0873538675156493,-4.99998970534468,0.000000573333755076132,"STRIKE","L","FF"
"zone7",0.602296011015343,0.110837676969757,5.4340367597174,0.0000000550932234564033,"STRIKE","L","FF"
"zone8",0.222007620282511,0.0881620747271637,2.51817599539893,0.0117964360549578,"STRIKE","L","FF"
"zone9",0.435611722446567,0.110684934370242,3.93560085593441,0.0000829888029147381,"STRIKE","L","FF"
"zone11",-1.06859506491335,0.112959259824836,-9.4600041339719,0.00000000000000000000307931031700656,"STRIKE","L","FF"
"zone12",-0.772933739337417,0.1184326040381,-6.52635940596869,0.000000000067387510792263,"STRIKE","L","FF"
"zone13",-0.821832534047201,0.126989731978603,-6.47164555151335,0.0000000000969413133519003,"STRIKE","L","FF"
"zone14",-0.958295585561023,0.148777355645601,-6.4411387163229,0.000000000118580430514898,"STRIKE","L","FF"
"dist_x",0.369851110214724,0.0417864605596594,8.85097960586252,0.000000000000000000867544123183484,"STRIKE","L","FF"
"dist_z",0.235001276892918,0.04645577990044,5.05860147857926,0.000000422342475015698,"STRIKE","L","FF"
"dist_prop",3.80373208100386,0.184243776083088,20.6451048815266,0.000000000000000000000000000000000000000000000000000000000000000000000000000000000000000000000108027837808003,"STRIKE","L","FF"
"I(dist_x^2)",-2.10466669891784,0.0774978503155775,-27.1577429612237,0.00000000000000000000000000000000000000000000000000000000000000000000000000000000000000000000000000000000000000000000000000000000000000000000000000000000000000000205131049145509,"STRIKE","L","FF"
"I(dist_z^2)",-1.94697922566892,0.0780551207955578,-24.9436450270631,0.000000000000000000000000000000000000000000000000000000000000000000000000000000000000000000000000000000000000000000000000000000000000000025028569454062,"STRIKE","L","FF"
"release_spin_rate",0.000442423196533645,0.0000866149676666435,5.10793005472688,0.000000325707166939973,"STRIKE","L","FF"
"pred",7.39404163340099,0.408290130651717,18.1097731203998,0.000000000000000000000000000000000000000000000000000000000000000000000000266845923451039,"STRIKE","L","FF"
"(Intercept)",-7.22772962737543,0.325420118669875,-22.210457229621,0.000000000000000000000000000000000000000000000000000000000000000000000000000000000000000000000000000000000000272154140032836,"whiff","R","SL"
"pfx_x",0.02547430978878,0.0108290464952317,2.35240561576654,0.018652422799156,"whiff","R","SL"
"pfx_z",0.0343863216187932,0.00719542916861337,4.7789118359732,0.00000176246450313176,"whiff","R","SL"
"pfx_total",-0.0416726528303694,0.0117331189737177,-3.55171143527281,0.000382734352203444,"whiff","R","SL"
"zone1",0.332654339794496,0.294427399494026,1.12983486036342,0.258545816043575,"whiff","R","SL"
"zone2",0.442224581451714,0.201977350375602,2.18947610031195,0.0285622537882427,"whiff","R","SL"
"zone3",-0.335311709499901,0.238328566619176,-1.40693041651064,0.159448023192418,"whiff","R","SL"
"zone4",-0.820605896003382,0.288061906645357,-2.84871368644261,0.0043896364198571,"whiff","R","SL"
"zone6",-0.455677235547823,0.170154692780089,-2.67801744461288,0.00740593610665219,"whiff","R","SL"
"zone7",-0.332114485500482,0.273389098051973,-1.21480515451038,0.224440414451424,"whiff","R","SL"
"zone8",0.00975572899552443,0.1670148868948,0.0584123318400316,0.953420192157333,"whiff","R","SL"
"zone9",-0.0535779154114562,0.19102375491506,-0.280477762754062,0.779110983821083,"whiff","R","SL"
"zone11",0.768534761268125,0.356015421841393,2.15871199425319,0.0308725176755095,"whiff","R","SL"
"zone12",-0.567553356337378,0.254374914656698,-2.23116873416289,0.0256699541791375,"whiff","R","SL"
"zone13",-0.00796123682794623,0.260107338447653,-0.0306075056377097,0.975582556322325,"whiff","R","SL"
"zone14",0.0799621397812994,0.220387280652806,0.362825565724323,0.716735192713038,"whiff","R","SL"
"dist_x",-0.563815989840052,0.097430550219575,-5.78685010573587,0.0000000071718521214533,"whiff","R","SL"
"dist_z",-0.521204597355334,0.0933756696189967,-5.58180304871728,0.0000000238037845767059,"whiff","R","SL"
"dist_prop",1.51769997315975,0.293510724085081,5.17085015510304,0.000000233031376646933,"whiff","R","SL"
"I(dist_x^2)",-0.720500160374877,0.085291932827978,-8.44745964226213,0.0000000000000000297709726638204,"whiff","R","SL"
"I(dist_z^2)",-0.577356251286005,0.0938977197176983,-6.14877819207768,0.00000000078082081064749,"whiff","R","SL"
"release_spin_rate",0.000455143974282887,0.0000951370570741783,4.7840871715005,0.00000171766132733646,"whiff","R","SL"
"pred",19.6740738926092,1.02673364333299,19.1618089271363,0.00000000000000000000000000000000000000000000000000000000000000000000000000000000077144964499684,"whiff","R","SL"
"(Intercept)",-1.44467901017868,2.15475323024742,-0.670461466259315,0.502563662802914,"Barrel","R","SL"
"pitch_speed",-0.0484131839034552,0.0247624602825452,-1.95510394973076,0.0505708021758195,"Barrel","R","SL"
"pfx_x",-0.031467759265382,0.0167530975132007,-1.8783248435453,0.0603367399577545,"Barrel","R","SL"
"pfx_z",-0.0282687115166573,0.0187006334519478,-1.51164459692208,0.130624299940911,"Barrel","R","SL"
"dist_x",0.42273709678325,0.121382415935323,3.48268811034789,0.000496406328908618,"Barrel","R","SL"
"dist_prop",1.03911886601454,0.690902529762358,1.50400211499002,0.132580822163464,"Barrel","R","SL"
"I(dist_x^2)",-1.79503525228781,0.445499687603049,-4.02926265099255,0.0000559520762044122,"Barrel","R","SL"
"I(dist_z^2)",-2.18279943602426,0.470761690347657,-4.63673973643069,0.00000353947622774807,"Barrel","R","SL"
"pred",160.298149666885,10.8356578488167,14.793578009146,0.000000000000000000000000000000000000000000000000161154217972362,"Barrel","R","SL"
"(Intercept)",-4.69510687999542,0.632620563658061,-7.42167920190021,0.00000000000011564464580095,"STRIKE","R","SL"
"pitch_speed",-0.0210599297904785,0.00684051533212484,-3.07870515128818,0.00207902331530038,"STRIKE","R","SL"
"pfx_x",0.0175470808604173,0.00860283610021662,2.03968559391425,0.041381650677588,"STRIKE","R","SL"
"pfx_z",0.018986307721958,0.00579314691839543,3.27737376410553,0.00104777570413332,"STRIKE","R","SL"
"pfx_total",-0.0376428702668847,0.0091182496180285,-4.1283000404439,0.0000365455048770763,"STRIKE","R","SL"
"zone1",0.753049188536334,0.169936909423703,4.43134567463953,0.0000093646824187342,"STRIKE","R","SL"
"zone2",0.403847959810563,0.124646317481198,3.239950990702,0.00119550245627758,"STRIKE","R","SL"
"zone3",0.138537535388436,0.148281539131247,0.934287141879564,0.350155795176227,"STRIKE","R","SL"
"zone4",0.166396357962428,0.133648278727061,1.24503180697333,0.213120058737351,"STRIKE","R","SL"
"zone6",-0.340335848706296,0.108458413848871,-3.13793864974395,0.0017014048433355,"STRIKE","R","SL"
"zone7",0.0709594994900564,0.162119498971562,0.437698734206572,0.661604687202021,"STRIKE","R","SL"
"zone8",-0.21378511364683,0.108722809305637,-1.9663317661876,0.049260299690645,"STRIKE","R","SL"
"zone9",-0.265763250362568,0.128524003075377,-2.0678102455827,0.0386578698859096,"STRIKE","R","SL"
"zone11",-0.930476951904583,0.232437913944324,-4.00312038649366,0.0000625124716516344,"STRIKE","R","SL"
"zone12",-0.830176028723586,0.169842400699479,-4.88791977329917,0.00000101907039729328,"STRIKE","R","SL"
"zone13",-0.983562948372925,0.185698188225604,-5.29656728356445,0.000000117999871596563,"STRIKE","R","SL"
"zone14",-0.581701719327478,0.150606661333435,-3.86239037621066,0.000112282954505832,"STRIKE","R","SL"
"dist_x",-0.23113320348033,0.0667511060688867,-3.46261233846526,0.000534958543861189,"STRIKE","R","SL"
"dist_z",-0.235272178029059,0.0605308910402426,-3.8868117416716,0.000101569463334123,"STRIKE","R","SL"
"dist_prop",1.60214047408515,0.198546743715433,8.06933643989355,0.000000000000000706812498517718,"STRIKE","R","SL"
"I(dist_x^2)",-0.773193101970196,0.0641302120470379,-12.0566122782048,0.00000000000000000000000000000000178995192154379,"STRIKE","R","SL"
"I(dist_z^2)",-0.666186744291481,0.0680459433969936,-9.79024922036593,0.000000000000000000000123989893789498,"STRIKE","R","SL"
"release_spin_rate",0.000376081578974144,0.0000795901417009027,4.7252281618928,0.00000229857129564454,"STRIKE","R","SL"
"pred",13.2223640088939,0.826271733864994,16.0024401985102,0.00000000000000000000000000000000000000000000000000000000122863515333364,"STRIKE","R","SL"
"(Intercept)",-15.5491656595457,1.38042406197548,-11.2640500030793,0.0000000000000000000000000000197470083248328,"whiff","L","SL"
"pitch_speed",0.0423406496120533,0.0136073777423731,3.11159507832323,0.00186079541694098,"whiff","L","SL"
"pfx_total",-0.01641689200464,0.00971676943670249,-1.68954219934761,0.0911155720170886,"whiff","L","SL"
"zone1",0.348399262679048,0.350437798334461,0.99418288876057,0.32013383705399,"whiff","L","SL"
"zone2",0.556254787743508,0.28404362588707,1.95834279331677,0.0501898025722535,"whiff","L","SL"
"zone3",-0.697029865316657,0.381183994038692,-1.82859164135288,0.0674608058105288,"whiff","L","SL"
"zone4",0.122125589776295,0.268478339238155,0.454880606468454,0.649195135786749,"whiff","L","SL"
"zone6",-1.12467321366009,0.284815426584,-3.94877913443496,0.0000785507840748207,"whiff","L","SL"
"zone7",-0.582001440055032,0.322194811084195,-1.8063650314435,0.0708613399519974,"whiff","L","SL"
"zone8",-0.652260363476043,0.259298427791498,-2.51548136651459,0.0118869960649877,"whiff","L","SL"
"zone9",-0.809157807088563,0.30586336099735,-2.64548785591738,0.00815732150140104,"whiff","L","SL"
"zone11",0.1747170021496,0.426750506074822,0.409412524794915,0.682236949689125,"whiff","L","SL"
"zone12",-1.27106771487934,0.4144973388012,-3.06652804709313,0.00216560490280741,"whiff","L","SL"
"zone13",-0.676813945647649,0.353455010683067,-1.91485174970268,0.0555114126510991,"whiff","L","SL"
"zone14",-0.557554381604832,0.344642941121481,-1.61777397729525,0.105711316463637,"whiff","L","SL"
"dist_x",-0.682593561159864,0.100457455962489,-6.79485215527203,0.0000000000108423660020253,"whiff","L","SL"
"dist_z",-0.343737779729445,0.126141997309875,-2.72500663585525,0.00643001947211171,"whiff","L","SL"
"dist_prop",2.75814809386671,0.470743768855738,5.85912820592631,0.0000000046530337836831,"whiff","L","SL"
"I(dist_x^2)",-1.10990033959278,0.147515567121675,-7.52395398837672,0.0000000000000531440536191602,"whiff","L","SL"
"I(dist_z^2)",-0.916924516875981,0.152447454037714,-6.01469222732407,0.00000000180228786818304,"whiff","L","SL"
"release_spin_rate",0.000303002708975582,0.000149430923229376,2.02771088090298,0.0425897644776451,"whiff","L","SL"
"pred",50.1664435499264,3.38231585684198,14.8319807118091,0.0000000000000000000000000000000000000000000000000910074699617888,"whiff","L","SL"
"(Intercept)",2.71163732891177,3.33822634804189,0.812298821648908,0.416620186544465,"Barrel","L","SL"
"pitch_speed",-0.103913900077018,0.0383593164535929,-2.70896120379863,0.00674942315871245,"Barrel","L","SL"
"pfx_x",-0.057475555093574,0.0237060689506302,-2.42450805375078,0.0153291433099896,"Barrel","L","SL"
"pfx_z",0.0651150665337593,0.0243421663376635,2.67499061630393,0.00747313418662366,"Barrel","L","SL"
"dist_x",-0.666314393025827,0.176384349809045,-3.77762762822883,0.00015832937192947,"Barrel","L","SL"
"dist_z",-0.91816077889591,0.277775921371687,-3.30540089422414,0.000948406382299289,"Barrel","L","SL"
"I(dist_x^2)",-1.39550744119572,0.209746647850372,-6.65330032922021,0.0000000000286592536594956,"Barrel","L","SL"
"I(dist_z^2)",-1.85606725675393,0.29431635374826,-6.3063680733878,0.000000000285659247662203,"Barrel","L","SL"
"pred",204.331154316282,17.0627772033974,11.9752577133573,0.00000000000000000000000000000000478947024067134,"Barrel","L","SL"
"(Intercept)",-8.6153078364821,0.956543243055402,-9.00671025489969,0.000000000000000000212330124313999,"STRIKE","L","SL"
"pitch_speed",-0.018715677157782,0.00832221095163591,-2.24888281089571,0.0245199528893542,"STRIKE","L","SL"
"zone1",0.867459965648443,0.204981387265925,4.23189625760057,0.0000231729295381989,"STRIKE","L","SL"
"zone2",0.366432263844407,0.171583605111842,2.13559019001587,0.0327128317270983,"STRIKE","L","SL"
"zone3",-0.305540013018857,0.226467619913881,-1.34915540303309,0.177287055896379,"STRIKE","L","SL"
"zone4",0.498491992243977,0.154848794251013,3.2192177837427,0.00128540819562339,"STRIKE","L","SL"
"zone6",-0.824505980609036,0.16967549035545,-4.85931102295206,0.00000117794958065152,"STRIKE","L","SL"
"zone7",0.345259964798523,0.186384446600582,1.85240759674765,0.0639673152575559,"STRIKE","L","SL"
"zone8",-0.572365400511775,0.148345625084099,-3.85832342670903,0.000114167504409146,"STRIKE","L","SL"
"zone9",-0.703870230180673,0.185959253117794,-3.78507774353565,0.000153660534372041,"STRIKE","L","SL"
"zone11",-1.12509982162743,0.241610123210045,-4.65667500466988,0.00000321357123748776,"STRIKE","L","SL"
"zone12",-1.69526476487261,0.282961609111374,-5.99114759841981,0.00000000208365421592811,"STRIKE","L","SL"
"zone13",-1.17966547927112,0.221628399931836,-5.32271802546038,0.000000102228144963471,"STRIKE","L","SL"
"zone14",-0.742860025578825,0.213072845346536,-3.48641341120056,0.00048954383457343,"STRIKE","L","SL"
"dist_x",-0.126051691883575,0.0642534528925534,-1.9617886076,0.0497871005858869,"STRIKE","L","SL"
"dist_prop",2.06028195119334,0.304152186867953,6.77385217055107,0.0000000000125397806222904,"STRIKE","L","SL"
"I(dist_x^2)",-0.891454304027778,0.100713062303629,-8.85142685206246,0.000000000000000000864073980846042,"STRIKE","L","SL"
"I(dist_z^2)",-0.731796544183265,0.101463388635096,-7.21241971145973,0.000000000000549662412169471,"STRIKE","L","SL"
"pred",26.1145059464499,1.82285109837812,14.3261871305261,0.000000000000000000000000000000000000000000000150140383834898,"STRIKE","L","SL"
"(Intercept)",-7.2839823152835,1.19121606173486,-6.11474488068545,0.00000000096711555436685,"whiff","R","CH"
"pitch_speed",-0.0339684393807821,0.0125594333035091,-2.70461561122278,0.0068383469116009,"whiff","R","CH"
"pfx_x",0.0428636590009634,0.0256247801132411,1.67274250984946,0.0943779968035801,"whiff","R","CH"
"pfx_z",-0.0258271049623412,0.0128034195273296,-2.01720367806521,0.0436742624111382,"whiff","R","CH"
"pfx_total",0.0917115474456487,0.0319539292561133,2.87011799740098,0.00410318648333245,"whiff","R","CH"
"zone1",0.388327792473758,0.540317843390172,0.718702514129892,0.472324233917461,"whiff","R","CH"
"zone2",-0.0744339338480779,0.630369147482845,-0.118079912612004,0.906004339505293,"whiff","R","CH"
"zone3",0.919947481969537,0.774313122740243,1.18808199803447,0.234801105950219,"whiff","R","CH"
"zone4",-0.791336975149844,0.332043608028143,-2.38323206957435,0.0171613718571033,"whiff","R","CH"
"zone6",-0.22198816868592,0.377130093623712,-0.58862491336322,0.556112917666522,"whiff","R","CH"
"zone7",-0.645922525333017,0.337870265469596,-1.91174717442291,0.0559086303535331,"whiff","R","CH"
"zone8",-0.4335053686097,0.287345758145133,-1.5086541433848,0.131387189979729,"whiff","R","CH"
"zone9",-0.399915818413032,0.353642086588,-1.13084905213485,0.258118630058685,"whiff","R","CH"
"zone11",-0.205040370175541,0.503793178434075,-0.406993145109392,0.68401302286417,"whiff","R","CH"
"zone12",-11.4961279318939,211.556306746256,-0.0543407479016098,0.956663685364866,"whiff","R","CH"
"zone13",-0.0742631721813914,0.375987807327471,-0.197514841529718,0.843424668343735,"whiff","R","CH"
"zone14",0.0481576722187621,0.383440773138048,0.125593509069585,0.900053701281734,"whiff","R","CH"
"dist_x",0.284255282087299,0.0974804103448789,2.91602467697482,0.0035452245935538,"whiff","R","CH"
"dist_z",-1.67437986400844,0.302461429565875,-5.53584589748083,0.0000000309729809539488,"whiff","R","CH"
"dist_prop",1.48208470978117,0.586100040800452,2.52872309607256,0.0114478305217373,"whiff","R","CH"
"I(dist_x^2)",-0.873218717995801,0.186443284097011,-4.68356220083232,0.00000281931846854238,"whiff","R","CH"
"I(dist_z^2)",-1.3771994363559,0.199234950623785,-6.91243896738006,0.00000000000476390985919876,"whiff","R","CH"
"pred",47.224573273036,3.44409138624307,13.7117654489854,0.000000000000000000000000000000000000000000863313465213337,"whiff","R","CH"
"(Intercept)",-7.626526184031,0.683479834576933,-11.158377757775,0.0000000000000000000000000000651698835734797,"Barrel","R","CH"
"pfx_x",-0.178428711724318,0.103355782050539,-1.72635442530994,0.0842836695468426,"Barrel","R","CH"
"pfx_z",0.158099070048027,0.0609950777634745,2.59199718805344,0.00954205515173396,"Barrel","R","CH"
"pfx_total",-0.278238116357376,0.122036254630008,-2.27996276353239,0.0226098970348324,"Barrel","R","CH"
"dist_x",1.54308939418921,0.329397659860553,4.6845791036963,0.00000280535809618597,"Barrel","R","CH"
"I(dist_x^2)",-1.35999911167911,0.252712700894251,-5.38160174327055,0.0000000738259567102076,"Barrel","R","CH"
"I(dist_z^2)",-1.2605460673414,0.201259703800227,-6.26328094268011,0.000000000376960573251336,"Barrel","R","CH"
"pred",313.612668882372,25.4088551864515,12.3426524564395,0.0000000000000000000000000000000000533682709381044,"Barrel","R","CH"
"(Intercept)",-13.032556484834,1.27556577627113,-10.2170791403107,0.00000000000000000000000166275644775443,"STRIKE","R","CH"
"pitch_speed",-0.021691281627385,0.0104764120173703,-2.07048764323319,0.038406702014443,"STRIKE","R","CH"
"pfx_x",0.0357433227611757,0.0217411578813559,1.64403951970872,0.100168039409681,"STRIKE","R","CH"
"pfx_z",-0.0294678786842144,0.0110257017511082,-2.67265334664549,0.00752539708750588,"STRIKE","R","CH"
"pfx_total",0.0829166420059979,0.0270858431337002,3.06125386596635,0.00220412126648604,"STRIKE","R","CH"
"zone1",-0.510796736694168,0.296216009822226,-1.72440624327065,0.0846345312859456,"STRIKE","R","CH"
"zone2",-0.582278488945694,0.291556923359786,-1.99713483815013,0.0458105373219914,"STRIKE","R","CH"
"zone3",0.484104722557925,0.406078815970529,1.19214473525518,0.23320449861943,"STRIKE","R","CH"
"zone4",-1.06031920142301,0.24671235782771,-4.29779525743691,0.000017250539187577,"STRIKE","R","CH"
"zone6",-0.0999028404541642,0.255090866446057,-0.391636289632856,0.695326970303399,"STRIKE","R","CH"
"zone7",-0.450994691308258,0.257255980065804,-1.75309701719236,0.0795853554642189,"STRIKE","R","CH"
"zone8",-0.411036765864837,0.218885131163716,-1.87786517832223,0.0603996110630668,"STRIKE","R","CH"
"zone9",-0.10394151479966,0.261589422138026,-0.397346016326365,0.691112318313064,"STRIKE","R","CH"
"zone11",-1.65472404072683,0.346081709316797,-4.78131029806062,0.00000174156299593587,"STRIKE","R","CH"
"zone12",-1.2827115970091,0.56435017660431,-2.27290014282829,0.0230321982016508,"STRIKE","R","CH"
"zone13",-0.417729621144465,0.288805292775512,-1.44640569821262,0.148063444555636,"STRIKE","R","CH"
"zone14",-0.580037535225623,0.292168292681752,-1.98528570606201,0.047112693438412,"STRIKE","R","CH"
"dist_prop",2.97190003880615,0.444926020515005,6.6795375001133,0.0000000000239697501448765,"STRIKE","R","CH"
"I(dist_x^2)",-1.31612565960514,0.146779118449476,-8.96670911712944,0.000000000000000000305505581970987,"STRIKE","R","CH"
"I(dist_z^2)",-1.21971063047619,0.150027073608253,-8.12993682500981,0.000000000000000429514222542148,"STRIKE","R","CH"
"pred",46.3968251464892,3.33417211931259,13.9155458945098,0.0000000000000000000000000000000000000000000509692908424502,"STRIKE","R","CH"
"(Intercept)",-4.45059641919439,0.813041842308843,-5.47400661023271,0.0000000439972641395679,"whiff","L","CH"
"pitch_speed",-0.0354691467377285,0.00933859514893908,-3.79812446862074,0.000145795110172472,"whiff","L","CH"
"pfx_x",0.0619469152491177,0.0191724759200892,3.23103367073258,0.00123343409034775,"whiff","L","CH"
"pfx_z",-0.0183193354314662,0.00949999187769971,-1.92835274675013,0.0538112651127647,"whiff","L","CH"
"pfx_total",0.0823057969143485,0.0240315971132323,3.42489916614944,0.000615027637905305,"whiff","L","CH"
"zone1",0.0678187079491328,0.33164320063057,0.204492984690129,0.837968273577866,"whiff","L","CH"
"zone2",0.109314799437907,0.372372258174158,0.293563220777796,0.769091683566776,"whiff","L","CH"
"zone3",-0.904458039341549,1.05067884498464,-0.860832064582754,0.389330542258243,"whiff","L","CH"
"zone4",-0.588098593989296,0.210222350245795,-2.79750746436658,0.00514985772538513,"whiff","L","CH"
"zone6",-1.46095488634365,0.457874575146512,-3.19073162312226,0.0014191303717884,"whiff","L","CH"
"zone7",-0.467380790127568,0.229971103418793,-2.03234573030871,0.0421186679726238,"whiff","L","CH"
"zone8",-0.498638663269072,0.198165102402686,-2.51627888676282,0.0118601293111141,"whiff","L","CH"
"zone9",-0.991822356598836,0.278567701333976,-3.56043558477633,0.000370240128441336,"whiff","L","CH"
"zone11",-0.389164952834744,0.307719442843349,-1.26467456602297,0.205988010953595,"whiff","L","CH"
"zone12",-10.7620543787071,118.995169934826,-0.0904411026481286,0.927936695316968,"whiff","L","CH"
"zone13",-0.281821605206669,0.260954009244541,-1.07996656584254,0.280157068910615,"whiff","L","CH"
"zone14",-0.515453049530619,0.276425368766841,-1.86470963873577,0.0622221149834625,"whiff","L","CH"
"dist_x",0.243797352966991,0.0892858646615863,2.73052575445215,0.00632333921961439,"whiff","L","CH"
"dist_z",-1.26794840591947,0.164624515222366,-7.70206311135856,0.0000000000000133886727753345,"whiff","L","CH"
"dist_prop",1.11287552320077,0.39329983247246,2.82958555106605,0.0046608337180749,"whiff","L","CH"
"I(dist_x^2)",-0.67822149489658,0.121006005551627,-5.60485813745183,0.0000000208425602963834,"whiff","L","CH"
"I(dist_z^2)",-0.969459359199766,0.13131048352576,-7.38295475859385,0.000000000000154814645231698,"whiff","L","CH"
"release_spin_rate",0.000192065873763308,0.000114872304990515,1.67199460112833,0.094525386685909,"whiff","L","CH"
"pred",31.5892193910049,1.726241892351,18.2994165133966,0.00000000000000000000000000000000000000000000000000000000000000000000000000836398349890871,"whiff","L","CH"
"(Intercept)",-4.86440184844851,0.250280420638181,-19.4358065886455,0.00000000000000000000000000000000000000000000000000000000000000000000000000000000000384325845880697,"Barrel","L","CH"
"pfx_z",0.027073168484369,0.0155093318229168,1.74560508431223,0.0808795981712702,"Barrel","L","CH"
"I(dist_x^2)",-1.60917881538653,0.176769723364084,-9.10324904492942,0.0000000000000000000876690971213078,"Barrel","L","CH"
"I(dist_z^2)",-1.50102451644682,0.159428350385293,-9.41504138266043,0.00000000000000000000472896078758168,"Barrel","L","CH"
"pred",128.28555689194,9.81839863349559,13.0658330019615,0.00000000000000000000000000000000000000516165012537695,"Barrel","L","CH"
"(Intercept)",-4.59445792843848,0.66070676545884,-6.95385331077664,0.00000000000355441204038354,"STRIKE","L","CH"
"pitch_speed",-0.0281942799653574,0.00725356911480599,-3.88695268758206,0.000101510529611574,"STRIKE","L","CH"
"pfx_total",0.0156945895299134,0.00704009194442431,2.22931598817305,0.0257928875929123,"STRIKE","L","CH"
"zone1",-0.0570809160787017,0.201415404269858,-0.283398959903903,0.776871025597855,"STRIKE","L","CH"
"zone2",0.358312850307182,0.203080882049062,1.7643849420578,0.0776671916116745,"STRIKE","L","CH"
"zone3",1.23346480053062,0.364545688936419,3.38356710273908,0.000715507205635692,"STRIKE","L","CH"
"zone4",-0.840883953261931,0.148474237666232,-5.66350072901015,0.0000000148315540266419,"STRIKE","L","CH"
"zone6",0.39744927898853,0.203446120339885,1.95358495076995,0.0507503218166801,"STRIKE","L","CH"
"zone7",-0.694078867156388,0.167190074630166,-4.15143583548083,0.0000330395898915889,"STRIKE","L","CH"
"zone8",-0.536591767160445,0.141661509061609,-3.78784449435082,0.000151959905821264,"STRIKE","L","CH"
"zone9",-0.00875843691352557,0.189609562766053,-0.0461919577565402,0.963157252414891,"STRIKE","L","CH"
"zone11",-1.50789332706424,0.217627164967395,-6.92879185045745,0.00000000000424449774640853,"STRIKE","L","CH"
"zone12",-1.08737138620318,0.48062609838965,-2.26240603630648,0.0236723283304225,"STRIKE","L","CH"
"zone13",-0.983774778184142,0.189595962239929,-5.18879604059921,0.00000021165806550969,"STRIKE","L","CH"
"zone14",-1.36303822903789,0.203533019718183,-6.69688992442202,0.0000000000212901864508887,"STRIKE","L","CH"
"dist_x",0.108982036350209,0.0730994559826666,1.49087342559774,0.13599472955142,"STRIKE","L","CH"
"dist_z",-0.220725005210832,0.0863435114035843,-2.55635891594825,0.0105773954435872,"STRIKE","L","CH"
"dist_prop",2.33846545280107,0.286373690098092,8.1657831485849,0.000000000000000319356514569485,"STRIKE","L","CH"
"I(dist_x^2)",-1.16005412575778,0.0958921443835161,-12.0974886234497,0.00000000000000000000000000000000108891668940788,"STRIKE","L","CH"
"I(dist_z^2)",-1.0588230541466,0.0989640414578296,-10.6990684550589,0.000000000000000000000000010280652320346,"STRIKE","L","CH"
"release_spin_rate",0.000218444425247237,0.0000906259988024337,2.41039467850115,0.0159352715143426,"STRIKE","L","CH"
"pred",19.3284531853204,1.18262148282154,16.3437359003541,0.00000000000000000000000000000000000000000000000000000000000482064953575093,"STRIKE","L","CH"
"(Intercept)",-12.2772328890417,0.70312263020698,-17.4610122923047,0.0000000000000000000000000000000000000000000000000000000000000000000283855713878335,"whiff","R","CU"
"pfx_z",0.0491912264055998,0.00816081493877676,6.02773457977387,0.00000000166273816107127,"whiff","R","CU"
"pfx_total",0.034682129493291,0.0106946693288477,3.24293612330209,0.00118304731542489,"whiff","R","CU"
"zone1",-0.797201564277775,0.586587172020889,-1.35905045712351,0.174130600395934,"whiff","R","CU"
"zone2",-0.378660805407797,0.453879963178425,-0.83427521839941,0.404125913194953,"whiff","R","CU"
"zone3",-0.43811383834783,0.541980849392067,-0.808356676881216,0.418885284095473,"whiff","R","CU"
"zone4",-0.953515213834808,0.468951387062859,-2.03329223484522,0.0420230072282296,"whiff","R","CU"
"zone6",-0.42923436558924,0.342913907909345,-1.25172632456399,0.210669604364586,"whiff","R","CU"
"zone7",-0.371707995802193,0.426591147793713,-0.871344840896559,0.383565893634804,"whiff","R","CU"
"zone8",0.209671895607146,0.320074520199308,0.655072123443582,0.512421319143454,"whiff","R","CU"
"zone9",-0.0108188549235581,0.375216052552105,-0.0288336675629188,0.976997249203683,"whiff","R","CU"
"zone11",-1.0822900114406,0.710592329444954,-1.52308147244705,0.127738323531669,"whiff","R","CU"
"zone12",-0.83151099778335,0.584984036751108,-1.42142510828399,0.15519321141129,"whiff","R","CU"
"zone13",0.497681534539933,0.44704235737505,1.11327601586174,0.265589903900972,"whiff","R","CU"
"zone14",0.167277103350987,0.427290560112557,0.391483264472125,0.695440056629418,"whiff","R","CU"
"dist_x",-0.31620077330844,0.126302618614425,-2.50351716201335,0.0122965716549223,"whiff","R","CU"
"dist_z",-0.445034174343605,0.218871969502834,-2.0333082182908,0.0420213934030051,"whiff","R","CU"
"dist_prop",1.94450342511013,0.586883559122597,3.31326954876229,0.000922120634524453,"whiff","R","CU"
"I(dist_x^2)",-0.852893750735663,0.177998727508403,-4.79157217961234,0.00000165479466687999,"whiff","R","CU"
"I(dist_z^2)",-0.755156919504883,0.192369063913713,-3.92556320720887,0.0000865270446836708,"whiff","R","CU"
"release_spin_rate",0.00026502349331304,0.000167780109915422,1.57958826851787,0.114201187611396,"whiff","R","CU"
"pred",75.7284341103178,4.91145619503589,15.4187334882184,0.0000000000000000000000000000000000000000000000000000122482891631116,"whiff","R","CU"
"(Intercept)",-11.050620311807,0.9560791694999,-11.5582690893551,0.000000000000000000000000000000670466139264684,"Barrel","R","CU"
"pfx_total",0.0665035297510352,0.0239102101677356,2.78138624815498,0.00541272957636794,"Barrel","R","CU"
"zone1",-1.66487493039581,1.15870416253363,-1.43684210709607,0.150762862880466,"Barrel","R","CU"
"zone2",-1.40259114719361,0.745733383979102,-1.88082118532716,0.059996247287595,"Barrel","R","CU"
"zone3",0.217788973518158,0.809881606806209,0.268914581696718,0.787995415597808,"Barrel","R","CU"
"zone4",-0.440188853394367,0.587714829031938,-0.748983744581415,0.453867003057353,"Barrel","R","CU"
"zone6",-0.0507587197664456,0.543780315026477,-0.0933441655827026,0.925630146162615,"Barrel","R","CU"
"zone7",0.725062123564717,0.619487774531886,1.17042200568463,0.241831184248096,"Barrel","R","CU"
"zone8",-0.739372954660844,0.547287840832097,-1.35097639577868,0.176702994042952,"Barrel","R","CU"
"zone9",-0.681749653966959,0.670137107995055,-1.01732861206067,0.30899712977056,"Barrel","R","CU"
"zone11",0.0766124579441804,1.25708412328826,0.060944575247501,0.95140334948647,"Barrel","R","CU"
"zone12",-12.6924544555859,676.230547689415,-0.0187694189488395,0.985025049667566,"Barrel","R","CU"
"zone13",1.52673872876991,0.921448303498807,1.65689027042838,0.0975416618143816,"Barrel","R","CU"
"zone14",-0.819315995688221,1.25425823537286,-0.653227519327119,0.513609611468215,"Barrel","R","CU"
"dist_prop",3.24594555450494,2.20551523652377,1.47174025404651,0.141091032911653,"Barrel","R","CU"
"I(dist_x^2)",-3.65692909832503,1.34035207417879,-2.72833471799979,0.0063654980940761,"Barrel","R","CU"
"I(dist_z^2)",-3.18019056027804,1.30339200000214,-2.43993407990291,0.0146899422206143,"Barrel","R","CU"
"pred",467.322525460228,39.1695993080704,11.9307456219993,0.00000000000000000000000000000000818371699115561,"Barrel","R","CU"
"(Intercept)",-15.932928423909,1.05099450389366,-15.1598589382548,0.000000000000000000000000000000000000000000000000000652092367840905,"STRIKE","R","CU"
"pfx_z",0.00921185292564658,0.00520052167123956,1.77133247546893,0.076505430090088,"STRIKE","R","CU"
"zone1",0.441424577333776,0.235188292466107,1.87689860198883,0.0605319925278504,"STRIKE","R","CU"
"zone2",0.479925675616994,0.187995920644857,2.55285154045242,0.0106845027139083,"STRIKE","R","CU"
"zone3",0.0362211300392522,0.256947054137256,0.140967290560582,0.887895782613597,"STRIKE","R","CU"
"zone4",0.407312859872861,0.195393393416927,2.08457846373416,0.0371075810635138,"STRIKE","R","CU"
"zone6",-0.241589805929127,0.182325943996883,-1.32504349426682,0.185156725828151,"STRIKE","R","CU"
"zone7",-0.242164724702125,0.222961076321042,-1.08613004878677,0.277421459763487,"STRIKE","R","CU"
"zone8",-0.560580251863125,0.169813209968137,-3.30115808992898,0.00096286612033715,"STRIKE","R","CU"
"zone9",-0.61458601888189,0.208813426607804,-2.94323037012468,0.00324806620276935,"STRIKE","R","CU"
"zone11",-1.57188137173514,0.295827036322452,-5.31351492167803,0.00000010753062618155,"STRIKE","R","CU"
"zone12",-1.24662329113579,0.289687953580128,-4.30333148385811,0.0000168248829730969,"STRIKE","R","CU"
"zone13",-0.771536644401374,0.257483442968088,-2.99645148250172,0.0027314169928604,"STRIKE","R","CU"
"zone14",-0.970727806670451,0.243666799348832,-3.98383287860551,0.0000678125702676219,"STRIKE","R","CU"
"dist_x",-0.278435980071329,0.0851637568876067,-3.26941870869776,0.00107768698541149,"STRIKE","R","CU"
"dist_prop",1.74189338605587,0.346744455404473,5.02356521901404,0.000000507209897423378,"STRIKE","R","CU"
"I(dist_x^2)",-0.9261227921037,0.118416707326166,-7.82087944358052,0.00000000000000524555633629083,"STRIKE","R","CU"
"I(dist_z^2)",-0.713932338946209,0.116675063556961,-6.118979644675,0.000000000941764322517897,"STRIKE","R","CU"
"release_spin_rate",0.000233090517679306,0.000106270772488237,2.19336429219151,0.0282811428694259,"STRIKE","R","CU"
"pred",40.7193932409134,2.82555176414816,14.411129803948,0.0000000000000000000000000000000000000000000000440445989571384,"STRIKE","R","CU"
"(Intercept)",-14.9930571827133,1.02637095625435,-14.6078346151075,0.00000000000000000000000000000000000000000000000250349168481615,"whiff","L","CU"
"pitch_speed",0.0407370724094431,0.0107854086980915,3.77705412467601,0.000158694254724039,"whiff","L","CU"
"zone1",0.567347285541935,0.498123017152566,1.13897022624065,0.254715572762586,"whiff","L","CU"
"zone2",0.11067193983925,0.510520280062341,0.216782651270457,0.828377732751734,"whiff","L","CU"
"zone3",1.0865492157144,0.541809853869506,2.00540689312767,0.0449195653953417,"whiff","L","CU"
"zone4",-0.34326409508883,0.314076647107942,-1.09293097162635,0.274424108590744,"whiff","L","CU"
"zone6",-0.72266005321498,0.335756495771212,-2.15233379641718,0.0313710738237411,"whiff","L","CU"
"zone7",-0.66593953504534,0.347257704710468,-1.91770989098882,0.0551478068712855,"whiff","L","CU"
"zone8",-0.481357659660142,0.279316703486385,-1.72334004251058,0.0848270505750074,"whiff","L","CU"
"zone9",-0.656376386556475,0.336405164150122,-1.95114836662723,0.0510393990668004,"whiff","L","CU"
"zone11",0.175890260842927,0.562264097361616,0.31282499037068,0.75441362802646,"whiff","L","CU"
"zone12",0.192270689648724,0.671366173555322,0.286387216428443,0.774581564675397,"whiff","L","CU"
"zone13",-0.0151418709444533,0.378017942907674,-0.0400559582647945,0.968048513813067,"whiff","L","CU"
"zone14",-0.1365437054366,0.376953053561252,-0.362230002241944,0.71718016118229,"whiff","L","CU"
"dist_x",-0.467480002448695,0.101379183401569,-4.61120307703584,0.00000400345192444954,"whiff","L","CU"
"dist_z",-1.53272889612181,0.268632065405013,-5.70568109138772,0.0000000115878781759584,"whiff","L","CU"
"dist_prop",1.79428261768229,0.57284123900246,3.13225112913805,0.00173471426368683,"whiff","L","CU"
"I(dist_x^2)",-1.00296283297105,0.186606918463934,-5.37473552013504,0.0000000766951741880708,"whiff","L","CU"
"I(dist_z^2)",-1.24300593264441,0.186421931118922,-6.66770226648642,0.0000000000259839225184457,"whiff","L","CU"
"release_spin_rate",0.000513636202941701,0.000131714585943972,3.89961521163789,0.0000963456834277935,"whiff","L","CU"
"pred",68.2855288729939,4.46520338267741,15.292814911389,0.0000000000000000000000000000000000000000000000000000853786016512,"whiff","L","CU"
"(Intercept)",-6.76277174080082,0.502562923385007,-13.4565671801856,0.0000000000000000000000000000000000000000281702642291153,"Barrel","L","CU"
"pfx_total",-0.0644028615476916,0.0203452584359978,-3.16549734427264,0.00154818075107913,"Barrel","L","CU"
"dist_z",-1.09124671890136,0.358067117465922,-3.04760383088017,0.00230673819229486,"Barrel","L","CU"
"I(dist_x^2)",-1.63650559530205,0.304588294661559,-5.37284466929513,0.0000000775040905715601,"Barrel","L","CU"
"I(dist_z^2)",-1.76816865801289,0.332592398704557,-5.31632311772573,0.000000105885053650415,"Barrel","L","CU"
"pred",327.350165314751,27.4226628700131,11.9372129127806,0.00000000000000000000000000000000757180414131599,"Barrel","L","CU"
"(Intercept)",-10.8053913270404,0.669113884243292,-16.148807522146,0.000000000000000000000000000000000000000000000000000000000115778318577196,"STRIKE","L","CU"
"pfx_total",-0.0158444807024869,0.00538056410430284,-2.94476199806189,0.00323203175985358,"STRIKE","L","CU"
"zone1",0.882286169670764,0.205479160332656,4.29379878836571,0.000017564166704138,"STRIKE","L","CU"
"zone2",0.51242468507789,0.184006265285569,2.78482194224545,0.00535571243142037,"STRIKE","L","CU"
"zone3",0.383420605999017,0.27786788979217,1.37986654840109,0.167627737903742,"STRIKE","L","CU"
"zone4",0.24912825014739,0.144949328066391,1.71872649201438,0.085664185824727,"STRIKE","L","CU"
"zone6",-0.263146241288546,0.160909111933038,-1.63537190732899,0.101971107816299,"STRIKE","L","CU"
"zone7",-0.184847063508142,0.175291448460613,-1.05451272798214,0.29164823643466,"STRIKE","L","CU"
"zone8",-0.802832673469599,0.143475464093769,-5.5956095248795,0.0000000219848005652579,"STRIKE","L","CU"
"zone9",-0.940680826142998,0.184873537056649,-5.08823945881857,0.000000361402856768329,"STRIKE","L","CU"
"zone11",-0.926428401130127,0.240683978712469,-3.84914860592726,0.000118529085931959,"STRIKE","L","CU"
"zone12",-1.73198520722715,0.354338439186221,-4.88794049893331,0.000001018963147568,"STRIKE","L","CU"
"zone13",-1.12914097383934,0.203278323758028,-5.55465508060473,0.0000000278160465732715,"STRIKE","L","CU"
"zone14",-1.14801049568321,0.210683219747962,-5.44898875694308,0.0000000506570151412387,"STRIKE","L","CU"
"dist_x",-0.166701805489311,0.0640001002891401,-2.60471162914096,0.00919516148731366,"STRIKE","L","CU"
"dist_z",-0.215033413089215,0.0849473308944384,-2.53137339131268,0.011361682715815,"STRIKE","L","CU"
"dist_prop",1.63204785604105,0.298303475668521,5.47109902887826,0.0000000447253282339407,"STRIKE","L","CU"
"I(dist_x^2)",-1.01318040580384,0.105894036999673,-9.56787024567745,0.00000000000000000000109130490185246,"STRIKE","L","CU"
"I(dist_z^2)",-0.822609122977013,0.105382638154621,-7.80592645412855,0.000000000000005906601943455,"STRIKE","L","CU"
"release_spin_rate",0.000228851313727854,0.0000937355783486083,2.44145625129385,0.0146281606060443,"STRIKE","L","CU"
"pred",27.8260420714063,1.72577597149349,16.1237857816073,0.000000000000000000000000000000000000000000000000000000000173638318342666,"STRIKE","L","CU"
